,Pregnancies,Glucose,BloodPressure,SkinThickness,Insulin,BMI,DiabetesPedigreeFunction,Age,Outcome
count,771.0,771.0,771.0,771.0,771.0,771.0,771.0,771.0,771.0
mean,3.8495460440985734,121.68798955613578,72.40353260869564,29.0,125.0,32.3,0.4718767833981842,33.239948119325554,0.34889753566796367
std,3.3872463898194236,30.37660646179814,12.072785259245968,8.77408113743483,86.22014460490973,6.861777358100186,0.3306825198794092,11.737309233774706,0.47693088462397243
min,0.0,44.0,24.0,7.0,14.0,18.2,0.078,21.0,0.0
25%,1.0,100.0,64.0,25.0,122.0,27.55,0.244,24.0,0.0
50%,3.0,117.0,72.0,29.0,125.0,32.3,0.375,29.0,0.0
75%,6.0,140.0,80.0,32.0,126.5,36.55,0.625,41.0,1.0
max,17.0,199.0,122.0,99.0,846.0,67.1,2.42,81.0,1.0
