,Pregnancies,Glucose,BloodPressure,SkinThickness,Insulin,BMI,DiabetesPedigreeFunction,Age,Outcome
count,769.0,769.0,769.0,769.0,769.0,769.0,769.0,769.0,769.0
mean,3.858257477243173,121.68717277486911,72.40463215258855,29.0,125.0,32.3,0.47187646293888164,33.24057217165149,0.34850455136540964
std,3.387236702755529,30.416129439316613,12.088477223224098,8.785496571979007,86.32865224786379,6.870701613191316,0.3311128160586755,11.752575856191129,0.47680684341751944
min,0.0,44.0,24.0,7.0,14.0,18.2,0.078,21.0,0.0
25%,1.0,100.0,64.0,25.0,122.0,27.5,0.244,24.0,0.0
50%,3.0,117.0,72.0,29.0,125.0,32.3,0.374,29.0,0.0
75%,6.0,140.0,80.0,32.0,127.0,36.6,0.626,41.0,1.0
max,17.0,199.0,122.0,99.0,846.0,67.1,2.42,81.0,1.0
